steps,rewards
1000,-0.8045
2000,-0.8099000000000001
3000,-1.0
4000,-1.0
5000,-0.8261
6000,-1.0
7000,-0.6378
8000,-1.0
9000,-0.6342000000000001
10000,-0.2387
