steps,rewards
1000,0.3922
2000,0.221
3000,0.31389999999999996
4000,0.10379999999999998
5000,0.4508
6000,0.6597999999999999
7000,0.7552
8000,0.8290000000000001
9000,0.386
10000,0.784
11000,0.9207999999999998
12000,0.9549999999999998
13000,0.9549999999999998
14000,0.9549999999999998
15000,0.9549999999999998
