steps,rewards
1000,0.2283
2000,0.16879999999999998
3000,0.3894
4000,0.13620000000000002
5000,0.386
6000,0.7497999999999999
7000,0.7830999999999999
8000,0.6318999999999999
9000,0.483
10000,0.6246999999999999
11000,0.9387999999999999
12000,0.9532
13000,0.9469
14000,0.9532
15000,0.9541000000000001
