steps,rewards
1000,0.3013888888888889
2000,0.41
3000,0.345
4000,0.175
5000,0.39125
6000,0.31625
7000,0.27375
8000,0.099375
9000,0.09875
10000,0.27125
