steps,rewards
1000,0.15898437499999998
2000,0.18007812499999998
3000,0.1340625
4000,0.11175781249999998
5000,0.05816406249999999
6000,0.10648437499999999
7000,0.0483203125
8000,0.0
9000,0.0
10000,0.0
11000,0.0
12000,0.0
13000,0.0
14000,0.0
15000,0.0
16000,0.0
17000,0.0
18000,0.0
19000,0.0
20000,0.0
21000,0.0
22000,0.0
23000,0.0
24000,0.0
25000,0.8308984374999999
26000,0.657265625
27000,0.4866015624999999
28000,0.38363281250000003
29000,0.14937499999999998
30000,0.0
31000,0.551796875
32000,0.498203125
33000,0.26570312500000004
34000,0.115625
35000,0.040234375
36000,0.0
37000,0.0
38000,0.761484375
39000,0.9230078125000001
40000,0.9542968750000002
41000,0.9521875000000002
42000,0.8588671875000001
43000,0.9535937500000001
44000,0.9542968750000002
45000,0.9542968750000002
46000,0.9542968750000002
47000,0.9535937500000001
48000,0.94796875
49000,0.9542968750000002
50000,0.9542968750000002
51000,0.9542968750000002
52000,0.9542968750000002
53000,0.9542968750000002
54000,0.9293359375
55000,0.9542968750000002
56000,0.9542968750000002
57000,0.9539453125000001
58000,0.9542968750000002
59000,0.9542968750000002
60000,0.9542968750000002
61000,0.9542968750000002
62000,0.9542968750000002
63000,0.9542968750000002
64000,0.9528906250000002
65000,0.9542968750000002
66000,0.9542968750000002
67000,0.9542968750000002
68000,0.9542968750000002
69000,0.9542968750000002
70000,0.9542968750000002
71000,0.9542968750000002
72000,0.9542968750000002
73000,0.9542968750000002
74000,0.9542968750000002
75000,0.9542968750000002
76000,0.9542968750000002
77000,0.9542968750000002
78000,0.9542968750000002
79000,0.9542968750000002
80000,0.9542968750000002
81000,0.9542968750000002
82000,0.9542968750000002
83000,0.9542968750000002
84000,0.9542968750000002
85000,0.9521875000000002
86000,0.9542968750000002
87000,0.9542968750000002
88000,0.9542968750000002
89000,0.9542968750000002
90000,0.9542968750000002
91000,0.9542968750000002
92000,0.9542968750000002
93000,0.9542968750000002
94000,0.9542968750000002
95000,0.9542968750000002
96000,0.9542968750000002
97000,0.9542968750000002
98000,0.9542968750000002
99000,0.9542968750000002
100000,0.9542968750000002
