steps,rewards
1000,0.0
2000,0.08149414062499999
3000,0.06519531249999999
4000,0.06519531249999999
5000,0.0
6000,0.0
7000,0.0
8000,0.0
9000,0.0
10000,0.0
11000,0.0
12000,0.0
13000,0.0
14000,0.0
15000,0.0
16000,0.0
17000,0.0
18000,0.0
19000,0.0
20000,0.0
21000,0.0
22000,0.0
23000,0.0
24000,0.0
25000,0.0
26000,0.0
27000,0.0
28000,0.0
29000,0.0
30000,0.0
31000,0.0
32000,0.0785546875
33000,0.0785546875
34000,0.0785546875
35000,0.0
36000,0.0
37000,0.0
38000,0.0
39000,0.0
40000,0.0
41000,0.0
42000,0.0
43000,0.0
44000,0.2189453125
45000,0.29117187499999997
46000,0.18152343749999997
47000,0.0
48000,0.9110546875000001
49000,0.9356640625000001
50000,0.9462109375000001
51000,0.9542968750000002
52000,0.9542968750000002
53000,0.9490234375
54000,0.9542968750000002
55000,0.7323046875
56000,0.9542968750000002
57000,0.9441015625
58000,0.9542968750000002
59000,0.9043750000000002
60000,0.9542968750000002
61000,0.9542968750000002
62000,0.9539453125000001
63000,0.9542968750000002
64000,0.9542968750000002
65000,0.9542968750000002
66000,0.9542968750000002
67000,0.9542968750000002
68000,0.9535937500000001
69000,0.9542968750000002
70000,0.9542968750000002
71000,0.9542968750000002
72000,0.9535937500000001
73000,0.9507812500000001
74000,0.9296875000000002
75000,0.6363671875000001
76000,0.4771484375
77000,0.9268749999999999
78000,0.9486718749999999
79000,0.933203125
80000,0.951484375
