steps,rewards
1000,0.18389999999999998
2000,0.23620000000000002
3000,0.4678
4000,0.6533
5000,0.7389
6000,0.5209999999999999
7000,0.7984
8000,0.9541000000000001
9000,0.9478
