steps,rewards
1000,0.0
2000,0.082373046875
3000,0.11421875
4000,0.36496093749999997
5000,0.3637109375
6000,0.5364843749999999
7000,0.6807812499999999
8000,0.6853515625
9000,0.608203125
10000,0.7704296875
11000,0.69765625
12000,0.8171875
13000,0.8396874999999999
14000,0.833359375
15000,0.9043749999999999
16000,0.9405859374999999
17000,0.9441015625
18000,0.9444531250000001
19000,0.9426953124999999
20000,0.9514843749999999
