steps,rewards
1000,0.3317
2000,0.5597
3000,0.6832
4000,0.7795
5000,0.9217000000000001
6000,0.9324999999999999
7000,0.9324999999999999
8000,0.9397
9000,0.9450999999999998
10000,0.9442
11000,0.9495999999999999
12000,0.9495999999999999
13000,0.9513999999999999
14000,0.9469
15000,0.9522999999999999
16000,0.9451
17000,0.9495999999999999
18000,0.9522999999999999
19000,0.9532
20000,0.9478
