steps,rewards
1000,0.221
2000,0.3896
3000,0.6597
4000,0.6651999999999999
5000,0.8010999999999999
6000,0.8946999999999999
7000,0.9136
8000,0.9405999999999999
9000,0.9324999999999999
10000,0.9441999999999998
11000,0.9405999999999999
12000,0.9504999999999999
13000,0.9504999999999999
14000,0.9486999999999999
15000,0.9504999999999999
16000,0.9522999999999999
17000,0.9513999999999999
18000,0.9487
19000,0.9513999999999999
20000,0.9513999999999999
