steps,rewards
1000,0.10459999999999998
2000,0.4372999999999999
3000,0.5075000000000001
4000,0.7525
5000,0.8991999999999999
6000,0.9064
7000,0.9361
8000,0.9450999999999998
9000,0.9361
10000,0.9397
11000,0.9450999999999998
12000,0.946
13000,0.9496
14000,0.9487
15000,0.9504999999999999
16000,0.9522999999999999
17000,0.9495999999999999
18000,0.9541000000000001
19000,0.9541000000000001
20000,0.9478
