steps,rewards
1000,0.08579999999999999
2000,0.32109999999999994
3000,0.4128
4000,0.7686999999999999
5000,0.8613999999999999
6000,0.9000999999999999
7000,0.9235
8000,0.9324999999999999
9000,0.9433
10000,0.9433
11000,0.9487
12000,0.9504999999999999
13000,0.946
14000,0.9495999999999999
15000,0.9478
16000,0.9504999999999999
17000,0.9541000000000001
18000,0.9549999999999998
19000,0.9504999999999999
20000,0.9532
