steps,rewards
1000,0.3356
2000,0.49399999999999994
3000,0.6047
4000,0.6931
5000,0.8766999999999999
6000,0.9342999999999998
7000,0.9198999999999999
8000,0.9378999999999997
9000,0.9441999999999998
10000,0.9433
11000,0.9450999999999998
12000,0.9495999999999999
13000,0.9513999999999999
14000,0.9513999999999999
15000,0.9513999999999999
16000,0.9504999999999999
17000,0.9504999999999999
18000,0.9487
19000,0.9513999999999999
20000,0.9522999999999999
