steps,rewards
1000,0.07669999999999999
2000,0.1452
3000,0.7632999999999999
4000,0.594
5000,0.8398
6000,0.9064
7000,0.946
8000,0.9388
9000,0.9397
10000,0.9406000000000001
11000,0.9414999999999999
12000,0.9495999999999999
13000,0.9504999999999999
14000,0.9522999999999999
15000,0.9504999999999999
16000,0.9469
17000,0.9532
18000,0.9513999999999999
19000,0.9522999999999999
20000,0.9513999999999999
