steps,rewards
1000,0.043399999999999994
2000,0.4913
3000,0.4851
4000,0.7651
5000,0.8991999999999999
6000,0.9315999999999999
7000,0.9334
8000,0.937
9000,0.9450999999999998
10000,0.946
11000,0.946
12000,0.9388
13000,0.9486999999999999
14000,0.9522999999999999
15000,0.9504999999999999
16000,0.946
17000,0.9487
18000,0.9532
19000,0.9522999999999999
20000,0.9495999999999999
