steps,rewards
1000,0.2641
2000,0.347
3000,0.7957
4000,0.8514999999999999
5000,0.9018999999999998
6000,0.9126999999999998
7000,0.9324999999999999
8000,0.9343
9000,0.9351999999999998
10000,0.9423999999999999
11000,0.9369999999999999
12000,0.9478
13000,0.9504999999999999
14000,0.9532
15000,0.9487
16000,0.9478
17000,0.9532
18000,0.9541000000000001
19000,0.9504999999999999
20000,0.9513999999999999
