steps,rewards
1000,0.1704
2000,0.2291
3000,0.6499
4000,0.6255
5000,0.8407
6000,0.829
7000,0.9324999999999999
8000,0.9450999999999998
9000,0.9396999999999999
10000,0.9406000000000001
11000,0.9334
12000,0.9469
13000,0.9513999999999999
14000,0.9504999999999999
15000,0.9450999999999998
16000,0.9513999999999999
17000,0.9513999999999999
18000,0.9522999999999999
19000,0.9513999999999999
20000,0.9495999999999999
