steps,rewards
1000,0.31289999999999996
2000,0.5562
3000,0.7147000000000001
4000,0.892
5000,0.8757999999999999
6000,0.9027999999999998
7000,0.9262
8000,0.9450999999999998
9000,0.9469
10000,0.9423999999999999
11000,0.9469
12000,0.9496
13000,0.946
14000,0.9469
15000,0.9532
16000,0.9504999999999999
17000,0.9504999999999999
18000,0.9541000000000001
19000,0.9513999999999999
20000,0.9495999999999999
