steps,rewards
1000,0.19219999999999998
2000,0.18409999999999999
3000,0.39599999999999996
4000,0.7588
5000,0.8154999999999999
6000,0.9217000000000001
7000,0.9298
8000,0.9396999999999999
9000,0.9433
10000,0.9451
11000,0.9541000000000001
12000,0.9478
13000,0.9478000000000002
14000,0.9423999999999999
15000,0.9495999999999999
16000,0.9513999999999999
17000,0.9487
18000,0.9504999999999999
19000,0.9513999999999999
20000,0.9522999999999999
