steps,rewards
1000,0.1272
2000,0.39679999999999993
3000,0.7516
4000,0.7857999999999999
5000,0.8298
6000,0.9297999999999998
7000,0.9352
8000,0.9469
9000,0.9379
10000,0.9442
11000,0.9513999999999999
12000,0.9414999999999999
13000,0.9478
14000,0.9504999999999999
15000,0.9522999999999999
16000,0.9496
17000,0.9522999999999999
18000,0.9496
19000,0.9513999999999999
20000,0.9532
