steps,rewards
1000,0.1271
2000,0.31120000000000003
3000,0.6039999999999999
4000,0.8299000000000001
5000,0.8488
6000,0.9037
7000,0.9369999999999999
8000,0.9369999999999999
9000,0.9334
10000,0.9414999999999999
11000,0.9441999999999998
12000,0.9496
13000,0.9478
14000,0.9513999999999999
15000,0.9477999999999998
16000,0.9478
17000,0.9522999999999999
18000,0.9522999999999999
19000,0.9504999999999999
20000,0.9532
