steps,rewards
1000,0.09749999999999999
2000,0.6561
3000,0.8523999999999999
4000,0.892
5000,0.8785000000000001
6000,0.9297999999999998
7000,0.9405999999999999
8000,0.9432999999999998
9000,0.9406000000000001
10000,0.9496
11000,0.9433
12000,0.946
13000,0.9487
14000,0.9504999999999999
15000,0.9522999999999999
16000,0.9487
17000,0.9513999999999999
18000,0.9504999999999999
19000,0.9532
20000,0.9532
