steps,rewards
1000,0.149
2000,0.4742
3000,0.2932
4000,0.8145999999999999
5000,0.7335
6000,0.9028
7000,0.9316000000000001
8000,0.9388
9000,0.9405999999999999
10000,0.9414999999999999
11000,0.9496
12000,0.9486999999999999
13000,0.9478
14000,0.9495999999999999
15000,0.9522999999999999
16000,0.9522999999999999
17000,0.9532
18000,0.9522999999999999
19000,0.9504999999999999
20000,0.9495999999999999
