steps,rewards
1000,0.13079999999999997
2000,0.6994
3000,0.6903999999999999
4000,0.8209
5000,0.9154
6000,0.9216999999999999
7000,0.9396999999999999
8000,0.9315999999999999
9000,0.9189999999999999
10000,0.946
11000,0.9496
12000,0.9397
13000,0.9441999999999998
14000,0.9469
15000,0.9504999999999999
16000,0.9469
17000,0.9532
18000,0.9522999999999999
19000,0.9442
20000,0.9513999999999999
