steps,rewards
1000,0.21739999999999998
2000,0.48329999999999995
3000,0.6571
4000,0.43200000000000005
5000,0.5814
6000,0.9343
7000,0.9352
8000,0.9298
9000,0.9369999999999999
10000,0.9414999999999999
11000,0.9469
12000,0.946
13000,0.9541000000000001
14000,0.9478
15000,0.9504999999999999
16000,0.9549999999999998
17000,0.9442
18000,0.9522999999999999
19000,0.9522999999999999
20000,0.9532
