steps,rewards
1000,0.2237
2000,0.5472
3000,0.7398999999999999
4000,0.7425999999999999
5000,0.8623
6000,0.9334
7000,0.9397
8000,0.9396999999999999
9000,0.9361
10000,0.9460000000000001
11000,0.9487
12000,0.9487
13000,0.946
14000,0.9513999999999999
15000,0.9450999999999998
16000,0.9513999999999999
17000,0.9477999999999998
18000,0.9549999999999998
19000,0.9532
20000,0.9532
