steps,rewards
1000,0.2516999999999999
2000,0.3905
3000,0.5346
4000,0.5408999999999999
5000,0.6768
6000,0.8596
7000,0.9324999999999999
8000,0.9396999999999999
9000,0.9388
10000,0.9351999999999998
11000,0.9432999999999998
12000,0.9487
13000,0.9513999999999999
14000,0.9504999999999999
15000,0.9496
16000,0.9513999999999999
17000,0.9495999999999999
18000,0.9504999999999999
19000,0.9504999999999999
20000,0.9504999999999999
