steps,rewards
1000,0.1263
2000,0.5301
3000,0.8065
4000,0.8569000000000001
5000,0.9244
6000,0.9379
7000,0.9289
8000,0.9469
9000,0.9387999999999999
10000,0.9414999999999999
11000,0.9513999999999999
12000,0.9442
13000,0.9442
14000,0.9478
15000,0.9487
16000,0.9532
17000,0.9469
18000,0.9450999999999998
19000,0.9513999999999999
20000,0.9469
