steps,rewards
1000,0.2569
2000,0.5354999999999999
3000,0.5804999999999999
4000,0.7920999999999999
5000,0.8731
6000,0.9306999999999999
7000,0.9198999999999999
8000,0.9315999999999999
9000,0.9360999999999999
10000,0.9486999999999999
11000,0.9423999999999999
12000,0.9478
13000,0.9469
14000,0.9487
15000,0.9478
16000,0.9541000000000001
17000,0.9513999999999999
18000,0.9513999999999999
19000,0.9504999999999999
20000,0.9522999999999999
