steps,rewards
1000,0.2542
2000,0.6499
3000,0.6355
4000,0.8424999999999999
5000,0.9342999999999998
6000,0.9315999999999999
7000,0.9343
8000,0.9379000000000002
9000,0.9423999999999999
10000,0.9451
11000,0.9495999999999999
12000,0.9423999999999999
13000,0.9396999999999999
14000,0.9469
15000,0.9541000000000001
16000,0.9478
17000,0.9541000000000001
18000,0.9541000000000001
19000,0.9513999999999999
20000,0.9549999999999998
