steps,rewards
1000,0.25989999999999996
2000,0.5769
3000,0.8119
4000,0.8676999999999999
5000,0.9343
6000,0.9244
7000,0.9423999999999999
8000,0.9369999999999999
9000,0.9477999999999998
10000,0.9414999999999999
11000,0.9469
12000,0.9495999999999999
13000,0.9522999999999999
14000,0.9495999999999999
15000,0.9504999999999999
16000,0.9513999999999999
17000,0.9532
18000,0.9532
19000,0.9532
20000,0.9505000000000001
