steps,rewards
1000,0.31099999999999994
2000,0.09380000000000001
3000,0.6597999999999999
4000,0.5724
5000,0.7534
6000,0.9082000000000001
7000,0.9324999999999999
8000,0.9379
9000,0.9504999999999999
10000,0.9396999999999999
11000,0.9478
12000,0.946
13000,0.9504999999999999
14000,0.9522999999999999
15000,0.9513999999999999
16000,0.9495999999999999
17000,0.9522999999999999
18000,0.9513999999999999
19000,0.9513999999999999
20000,0.9532
