steps,rewards
1000,0.13089999999999996
2000,0.047
3000,0.36329999999999996
4000,0.6787
5000,0.7912
6000,0.8821
7000,0.9244
8000,0.9379
9000,0.9441999999999998
10000,0.946
11000,0.9414999999999999
12000,0.9450999999999998
13000,0.9540999999999998
14000,0.9513999999999999
15000,0.9532
16000,0.9513999999999999
17000,0.946
18000,0.9451
19000,0.9513999999999999
20000,0.9504999999999999
