steps,rewards
1000,0.25349999999999995
2000,0.5625
3000,0.8884000000000001
4000,0.8524
5000,0.9271
6000,0.9279999999999999
7000,0.9271
8000,0.9414999999999999
9000,0.9414999999999999
10000,0.9432999999999998
11000,0.9513999999999999
12000,0.9405999999999999
13000,0.9487
14000,0.9495999999999999
15000,0.9532
16000,0.9532
17000,0.9505000000000001
18000,0.9469
19000,0.9513999999999999
20000,0.9478
