steps,rewards
1000,0.16499999999999998
2000,0.6904
3000,0.8065
4000,0.7119
5000,0.8865999999999999
6000,0.8946999999999999
7000,0.9252999999999998
8000,0.9334
9000,0.9414999999999999
10000,0.9450999999999998
11000,0.9478
12000,0.9487
13000,0.946
14000,0.9477999999999998
15000,0.9504999999999999
16000,0.9478000000000002
17000,0.9513999999999999
18000,0.9487
19000,0.9513999999999999
20000,0.9522999999999999
