steps,rewards
1000,0.15789999999999998
2000,0.09749999999999999
3000,0.10469999999999997
4000,0.1578
5000,0.2625
6000,0.6317999999999999
7000,0.8253999999999999
8000,0.8748999999999999
9000,0.4625
10000,0.8956
11000,0.8722
12000,0.9549999999999998
13000,0.9549999999999998
14000,0.9549999999999998
15000,0.9549999999999998
16000,0.9549999999999998
17000,0.9549999999999998
18000,0.9549999999999998
19000,0.9549999999999998
20000,0.9549999999999998
