steps,rewards
1000,0.029799999999999993
2000,0.04159999999999999
3000,0.1406
4000,0.26239999999999997
5000,0.27779999999999994
6000,0.4686
7000,0.621
8000,0.3236
9000,0.0379
10000,0.0514
11000,0.8596
12000,0.9532
13000,0.9549999999999998
14000,0.9549999999999998
15000,0.9549999999999998
16000,0.9549999999999998
17000,0.9549999999999998
18000,0.9549999999999998
19000,0.9549999999999998
20000,0.9549999999999998
