steps,rewards
1000,0.11000000000000001
2000,0.1109
3000,0.20749999999999996
4000,0.08479999999999999
5000,0.0703
6000,0.23259999999999997
7000,0.33269999999999994
8000,0.4652
9000,0.8812000000000001
10000,0.22169999999999995
11000,0.06670000000000001
12000,0.8442999999999999
13000,0.9549999999999998
14000,0.9549999999999998
15000,0.9549999999999998
16000,0.9549999999999998
17000,0.9549999999999998
18000,0.9549999999999998
19000,0.9549999999999998
20000,0.9549999999999998
