steps,rewards
1000,0.09839999999999999
2000,0.1921
3000,0.16699999999999998
4000,0.21189999999999998
5000,0.1587
6000,0.4488
7000,0.7668999999999999
8000,0.6984999999999999
9000,0.4742
10000,0.8605
11000,0.9549999999999998
12000,0.9549999999999998
13000,0.9549999999999998
14000,0.9549999999999998
15000,0.9549999999999998
16000,0.9549999999999998
17000,0.9549999999999998
18000,0.9549999999999998
19000,0.9549999999999998
20000,0.9549999999999998
