steps,rewards
1000,0.031599999999999996
2000,0.24619999999999997
3000,0.174
4000,0.24069999999999997
5000,0.2912
6000,0.23529999999999998
7000,0.5130999999999999
8000,0.46069999999999994
9000,0.6813
10000,0.5571
11000,0.8758000000000001
12000,0.9522999999999999
13000,0.9549999999999998
14000,0.9549999999999998
15000,0.9549999999999998
16000,0.9549999999999998
17000,0.9549999999999998
18000,0.9549999999999998
19000,0.9549999999999998
20000,0.9549999999999998
