steps,rewards
1000,0.23720000000000002
2000,0.0857
3000,0.1379
4000,0.0929
5000,0.2102
6000,0.1262
7000,0.18839999999999998
8000,0.24900000000000003
9000,0.23629999999999995
10000,0.1316
11000,0.33629999999999993
12000,0.8757999999999999
13000,0.9144999999999998
14000,0.8911
15000,0.9549999999999998
16000,0.9549999999999998
17000,0.9549999999999998
18000,0.9549999999999998
19000,0.9549999999999998
20000,0.9549999999999998
