steps,rewards
1000,0.4218
2000,0.43010000000000004
3000,0.44889999999999997
4000,0.21999999999999997
5000,0.211
6000,0.576
7000,0.7515999999999999
8000,0.6174
9000,0.37229999999999996
10000,0.7308999999999999
11000,0.9406000000000001
12000,0.9414999999999999
13000,0.9522999999999999
14000,0.9541000000000001
15000,0.9549999999999998
16000,0.9549999999999998
17000,0.9549999999999998
18000,0.9549999999999998
19000,0.9549999999999998
20000,0.9549999999999998
