steps,rewards
1000,0.1911
2000,0.21469999999999997
3000,0.032499999999999994
4000,0.02899999999999999
5000,0.1065
6000,0.3921
7000,0.6832
8000,0.5976999999999999
9000,0.8380000000000001
10000,0.43810000000000004
11000,0.06939999999999999
12000,0.9504999999999999
13000,0.9549999999999998
14000,0.9549999999999998
15000,0.9549999999999998
16000,0.9549999999999998
17000,0.9549999999999998
18000,0.9549999999999998
19000,0.9549999999999998
20000,0.9549999999999998
