steps,rewards
1000,0.09919999999999998
2000,0.0848
3000,0.25969999999999993
4000,0.40919999999999995
5000,0.5525
6000,0.6993
7000,0.7632999999999999
8000,0.3751
9000,0.7002999999999999
10000,0.8775999999999999
11000,0.9549999999999998
12000,0.9549999999999998
13000,0.9549999999999998
14000,0.9549999999999998
15000,0.9549999999999998
16000,0.9549999999999998
17000,0.9549999999999998
18000,0.9549999999999998
19000,0.9549999999999998
20000,0.9549999999999998
