steps,rewards
1000,0.0
2000,0.10189999999999999
3000,0.09469999999999999
4000,0.0
5000,0.04329999999999999
6000,0.0
7000,0.7579
8000,0.7939
9000,0.26689999999999997
10000,0.0
11000,0.8326
12000,0.7722999999999999
13000,0.9315999999999999
14000,0.946
15000,0.946
16000,0.946
17000,0.946
18000,0.946
19000,0.946
20000,0.946
