steps,rewards
1000,0.0
2000,0.0793
3000,0.0676
4000,0.1461
5000,0.0748
6000,0.0703
7000,0.22809999999999997
8000,0.5569999999999999
9000,0.7885
10000,0.44089999999999996
11000,0.054099999999999995
12000,0.8515
13000,0.8911
14000,0.9549999999999998
15000,0.9549999999999998
16000,0.9549999999999998
17000,0.9549999999999998
18000,0.9549999999999998
19000,0.9549999999999998
20000,0.9549999999999998
