steps,rewards
1000,0.0
2000,0.07039999999999999
3000,0.17759999999999998
4000,0.3182
5000,0.5481
6000,0.5355
7000,0.702
8000,0.6723999999999999
9000,0.367
10000,0.21019999999999994
11000,0.9334
12000,0.8406999999999998
13000,0.9441999999999998
14000,0.9244
15000,0.9549999999999998
16000,0.9549999999999998
17000,0.9549999999999998
18000,0.9549999999999998
19000,0.9549999999999998
20000,0.9549999999999998
