steps,rewards
1000,0.047
2000,0.23539999999999997
3000,0.2525
4000,0.4156000000000001
5000,0.27949999999999997
6000,0.30199999999999994
7000,0.5812999999999999
8000,0.5337
9000,0.5356
10000,0.38149999999999995
11000,0.0874
12000,0.1254
13000,0.576
14000,0.9190000000000002
15000,0.946
16000,0.946
17000,0.946
18000,0.946
19000,0.946
20000,0.946
