steps,rewards
1000,0.229
2000,0.1876
3000,0.1696
4000,0.2246
5000,0.2742
6000,0.3842
7000,0.6696
8000,0.6218
9000,0.756
10000,0.29569999999999996
11000,0.6607000000000001
12000,0.9270999999999999
13000,0.9549999999999998
14000,0.9549999999999998
15000,0.9549999999999998
16000,0.9549999999999998
17000,0.9549999999999998
18000,0.9549999999999998
19000,0.9549999999999998
20000,0.9549999999999998
