steps,rewards
1000,0.1659
2000,0.0253
3000,0.16599999999999998
4000,0.16409999999999997
5000,0.1759
6000,0.6579999999999999
7000,0.7444
8000,0.5399999999999999
9000,0.5967
10000,0.8002
11000,0.8478999999999999
12000,0.9541000000000001
13000,0.9549999999999998
14000,0.9549999999999998
15000,0.9549999999999998
16000,0.9549999999999998
17000,0.9549999999999998
18000,0.9549999999999998
19000,0.9549999999999998
20000,0.9549999999999998
