steps,rewards
1000,0.2283
2000,0.018999999999999996
3000,0.25339999999999996
4000,0.17029999999999998
5000,0.43179999999999996
6000,0.3419
7000,0.667
8000,0.6301
9000,0.43079999999999996
10000,0.6039
11000,0.9549999999999998
12000,0.9549999999999998
13000,0.9549999999999998
14000,0.9549999999999998
15000,0.9549999999999998
16000,0.9549999999999998
17000,0.9549999999999998
18000,0.9549999999999998
19000,0.9549999999999998
20000,0.9549999999999998
