steps,rewards
1000,0.1941
2000,0.17239999999999997
3000,0.1767
4000,0.3814
5000,0.3327
6000,0.5858
7000,0.4697999999999999
8000,0.6913
9000,0.3391
10000,0.0874
11000,0.8812
12000,0.7876000000000001
13000,0.9369999999999999
14000,0.9549999999999998
15000,0.9549999999999998
16000,0.9549999999999998
17000,0.9549999999999998
18000,0.9549999999999998
19000,0.9549999999999998
20000,0.9549999999999998
