steps,rewards
1000,0.13259999999999997
2000,0.30379999999999996
3000,0.23629999999999995
4000,0.6174
5000,0.4481
6000,0.8587
7000,0.8748999999999999
8000,0.6607000000000001
9000,0.766
10000,0.9388
11000,0.9549999999999998
12000,0.9549999999999998
13000,0.9549999999999998
14000,0.9549999999999998
15000,0.9549999999999998
16000,0.9549999999999998
17000,0.9549999999999998
18000,0.9549999999999998
19000,0.9549999999999998
20000,0.9549999999999998
