steps,rewards
1000,0.2399
2000,0.46790000000000004
3000,0.4255
4000,0.20939999999999998
5000,0.5074
6000,0.7363
7000,0.7993
8000,0.44090000000000007
9000,0.2731
10000,0.8398
11000,0.9244
12000,0.946
13000,0.946
14000,0.946
15000,0.9532
16000,0.9549999999999998
17000,0.9549999999999998
18000,0.9549999999999998
19000,0.9549999999999998
20000,0.9549999999999998
