steps,rewards
1000,0.0
2000,0.1291
3000,0.0343
4000,0.0
5000,0.0
6000,0.0
7000,0.0
8000,0.20469999999999997
9000,0.2506
10000,0.5967
11000,0.5551999999999999
12000,0.0
13000,0.0
14000,0.16229999999999997
15000,0.3047
16000,0.5102
17000,0.2109
18000,0.575
19000,0.3174
20000,0.23529999999999998
