steps,rewards
1000,0.1011
2000,0.19749999999999995
3000,0.11909999999999998
4000,0.13889999999999997
5000,0.18059999999999996
6000,0.2209
7000,0.23170000000000002
8000,0.4633
9000,0.5776999999999999
10000,0.7120000000000001
11000,0.7011999999999999
12000,0.7534
13000,0.4678
14000,0.7434
15000,0.9549999999999998
16000,0.9549999999999998
17000,0.9549999999999998
18000,0.9549999999999998
19000,0.9549999999999998
20000,0.9549999999999998
