steps,rewards
1000,0.5155
2000,0.4382
3000,0.495
4000,0.6201000000000001
5000,0.8965
6000,0.8686
7000,0.6453
8000,0.8757999999999999
9000,0.9549999999999998
10000,0.9549999999999998
11000,0.9549999999999998
12000,0.9549999999999998
13000,0.9549999999999998
14000,0.9549999999999998
15000,0.9549999999999998
16000,0.9549999999999998
17000,0.9549999999999998
18000,0.9549999999999998
19000,0.9549999999999998
20000,0.9549999999999998
