steps,rewards
1000,0.0
2000,0.09929999999999997
3000,0.2364
4000,0.10379999999999998
5000,0.09579999999999998
6000,0.22009999999999996
7000,0.26880000000000004
8000,0.46889999999999993
9000,0.7003
10000,0.8911
11000,0.5194
12000,0.8605
13000,0.9495999999999999
14000,0.9513999999999999
15000,0.9549999999999998
16000,0.9549999999999998
17000,0.9549999999999998
18000,0.9549999999999998
19000,0.9549999999999998
20000,0.9549999999999998
