steps,rewards
1000,0.0
2000,0.0803
3000,0.16419999999999998
4000,0.10909999999999997
5000,0.0
6000,0.1065
7000,0.2875
8000,0.4894
9000,0.7226999999999999
10000,0.44980000000000003
11000,0.421
12000,0.5623
13000,0.9549999999999998
14000,0.9549999999999998
15000,0.9549999999999998
16000,0.9549999999999998
17000,0.9549999999999998
18000,0.9549999999999998
19000,0.9549999999999998
20000,0.9549999999999998
