steps,rewards
1000,0.2083
2000,0.7038999999999999
3000,0.6706
4000,0.8119
5000,0.8407
6000,0.7696
7000,0.892
8000,0.9504999999999999
9000,0.9549999999999998
10000,0.9549999999999998
11000,0.9549999999999998
12000,0.9549999999999998
13000,0.9549999999999998
14000,0.9549999999999998
15000,0.9549999999999998
16000,0.9549999999999998
17000,0.9549999999999998
18000,0.9549999999999998
19000,0.9549999999999998
20000,0.9549999999999998
