steps,rewards
1000,0.3254
2000,0.2803999999999999
3000,0.3191
4000,0.2138
5000,0.21739999999999998
6000,0.2867
7000,0.5641999999999999
8000,0.6976
9000,0.20469999999999997
10000,0.7003
11000,0.8847999999999999
12000,0.7282
13000,0.2966
14000,0.9549999999999998
15000,0.9549999999999998
16000,0.9549999999999998
17000,0.9549999999999998
18000,0.9549999999999998
19000,0.9549999999999998
20000,0.9549999999999998
