steps,rewards
1000,0.4004
2000,0.2065
3000,0.5597999999999999
4000,0.4096
5000,0.7732
6000,0.7317
7000,0.8488000000000001
8000,0.7533
9000,0.7012
10000,0.9513999999999999
11000,0.9046
12000,0.9549999999999998
13000,0.9549999999999998
14000,0.9549999999999998
15000,0.9549999999999998
16000,0.9549999999999998
17000,0.9549999999999998
18000,0.9549999999999998
19000,0.9549999999999998
20000,0.9549999999999998
