steps,rewards
1000,0.0
2000,0.1271
3000,0.1605
4000,0.0479
5000,0.042499999999999996
6000,0.0334
7000,0.27409999999999995
8000,0.7291000000000001
9000,0.8506
10000,0.42349999999999993
11000,0.037
12000,0.2002
13000,0.9541000000000001
14000,0.9549999999999998
15000,0.9549999999999998
16000,0.9549999999999998
17000,0.9549999999999998
18000,0.9549999999999998
19000,0.9549999999999998
20000,0.9549999999999998
