steps,rewards
1000,0.5822999999999999
2000,0.3706
3000,0.31479999999999997
4000,0.37510000000000004
5000,0.48229999999999995
6000,0.6769000000000001
7000,0.7615
8000,0.7543000000000001
9000,0.8317
10000,0.9163
11000,0.9549999999999998
12000,0.9549999999999998
13000,0.9549999999999998
14000,0.9549999999999998
15000,0.9549999999999998
16000,0.9549999999999998
17000,0.9549999999999998
18000,0.9549999999999998
19000,0.9549999999999998
20000,0.9549999999999998
