steps,rewards
1000,0.38949999999999996
2000,0.4112
3000,0.3075
4000,0.3527
5000,0.38580000000000003
6000,0.7741
7000,0.8245000000000001
8000,0.8875
9000,0.9369999999999999
10000,0.9549999999999998
11000,0.9549999999999998
12000,0.9549999999999998
13000,0.9549999999999998
14000,0.9549999999999998
15000,0.9549999999999998
16000,0.9549999999999998
17000,0.9549999999999998
18000,0.9549999999999998
19000,0.9549999999999998
20000,0.9549999999999998
