steps,rewards
1000,0.2283
2000,0.1263
3000,0.23529999999999998
4000,0.1631
5000,0.41739999999999994
6000,0.7299999999999999
7000,0.7858
8000,0.6822
9000,0.6796
10000,0.8856999999999997
11000,0.9207999999999998
12000,0.9549999999999998
13000,0.9549999999999998
14000,0.9549999999999998
15000,0.9549999999999998
