steps,rewards
1000,0.2283
2000,0.1263
3000,0.1876
4000,0.21109999999999998
5000,0.3077
6000,0.6363999999999999
7000,0.4274
8000,0.7327000000000001
9000,0.5382
10000,0.5923
11000,0.6876
12000,0.8263
13000,0.8803000000000001
14000,0.7282
15000,0.8766999999999999
