steps,rewards
1000,0.13259999999999997
2000,0.4265
3000,0.28579999999999994
4000,0.31029999999999996
5000,0.4372999999999999
6000,0.8047000000000001
7000,0.8812
8000,0.7596999999999999
9000,0.6380999999999999
10000,0.9388
11000,0.9549999999999998
12000,0.9549999999999998
13000,0.9549999999999998
14000,0.9549999999999998
15000,0.9549999999999998
16000,0.9549999999999998
17000,0.9549999999999998
18000,0.9549999999999998
19000,0.9549999999999998
20000,0.9549999999999998
