steps,rewards
1000,0.3994
2000,0.22179999999999994
3000,0.49049999999999994
4000,0.6805
5000,0.9181000000000001
6000,0.8731
7000,0.685
8000,0.9001000000000001
9000,0.9469
10000,0.9549999999999998
11000,0.9549999999999998
12000,0.9549999999999998
13000,0.9549999999999998
14000,0.9549999999999998
15000,0.9549999999999998
16000,0.9549999999999998
17000,0.9549999999999998
18000,0.9549999999999998
19000,0.9549999999999998
20000,0.9549999999999998
