steps,rewards
1000,0.4742
2000,0.5203
3000,0.35889999999999994
4000,0.39580000000000004
5000,0.3994
6000,0.8083
7000,0.8785000000000001
8000,0.6966
9000,0.8946999999999999
10000,0.6244
11000,0.9549999999999998
12000,0.9549999999999998
13000,0.9549999999999998
14000,0.9549999999999998
15000,0.9549999999999998
16000,0.9549999999999998
17000,0.9549999999999998
18000,0.9549999999999998
19000,0.9549999999999998
20000,0.9549999999999998
