steps,rewards
1000,0.0
2000,0.0803
3000,0.0974
4000,0.0676
5000,0.0
6000,0.15689999999999998
7000,0.3454
8000,0.5643999999999999
9000,0.5469999999999999
10000,0.34349999999999997
11000,0.1434
12000,0.9343
13000,0.9549999999999998
14000,0.9549999999999998
15000,0.9549999999999998
16000,0.9549999999999998
17000,0.9549999999999998
18000,0.9549999999999998
19000,0.9549999999999998
20000,0.9549999999999998
