steps,rewards
1000,0.2083
2000,0.7101999999999999
3000,0.5635
4000,0.8244999999999999
5000,0.8676999999999999
6000,0.7605999999999999
7000,0.8362
8000,0.9405999999999999
9000,0.9549999999999998
10000,0.9549999999999998
11000,0.9549999999999998
12000,0.9549999999999998
13000,0.9549999999999998
14000,0.9549999999999998
15000,0.9549999999999998
16000,0.9549999999999998
17000,0.9549999999999998
18000,0.9549999999999998
19000,0.9549999999999998
20000,0.9549999999999998
