steps,rewards
1000,0.0
2000,0.10189999999999999
3000,0.11279999999999998
4000,0.0127
5000,0.0649
6000,0.2203
7000,0.29579999999999995
8000,0.7435
9000,0.2668
10000,0.0
11000,0.8398
12000,0.8704000000000001
13000,0.9334
14000,0.9442
15000,0.946
16000,0.946
17000,0.946
18000,0.946
19000,0.946
20000,0.9541000000000001
