steps,rewards
1000,0.2137
2000,0.3111
3000,0.13539999999999996
4000,0.1488
5000,0.0911
6000,0.3419
7000,0.48949999999999994
8000,0.5660999999999999
9000,0.5373
10000,0.25969999999999993
11000,0.0839
12000,0.8560000000000001
13000,0.9549999999999998
14000,0.9549999999999998
15000,0.9549999999999998
16000,0.9549999999999998
17000,0.9549999999999998
18000,0.9549999999999998
19000,0.9549999999999998
20000,0.9549999999999998
