steps,rewards
1000,0.38949999999999996
2000,0.21469999999999997
3000,0.27959999999999996
4000,0.3202
5000,0.5877
6000,0.6436
7000,0.7795
8000,0.7713
9000,0.9190000000000002
10000,0.9522999999999999
11000,0.9549999999999998
12000,0.9549999999999998
13000,0.9549999999999998
14000,0.9549999999999998
15000,0.9549999999999998
16000,0.9549999999999998
17000,0.9549999999999998
18000,0.9549999999999998
19000,0.9549999999999998
20000,0.9549999999999998
