steps,rewards
1000,0.0
2000,0.12079999999999998
3000,0.1938
4000,0.08479999999999999
5000,0.038
6000,0.0
7000,0.35439999999999994
8000,0.6174999999999999
9000,0.8911
10000,0.4444
11000,0.0343
12000,0.25349999999999995
13000,0.8703999999999998
14000,0.9549999999999998
15000,0.9487
16000,0.9549999999999998
17000,0.9549999999999998
18000,0.9549999999999998
19000,0.9549999999999998
20000,0.9549999999999998
