steps,rewards
1000,0.029799999999999993
2000,0.06599999999999999
3000,0.0262
4000,0.1605
5000,0.16969999999999996
6000,0.3293
7000,0.6336
8000,0.7723000000000001
9000,0.32989999999999997
10000,0.0
11000,0.1577
12000,0.9315999999999999
13000,0.9549999999999998
14000,0.9549999999999998
15000,0.9549999999999998
16000,0.9549999999999998
17000,0.9549999999999998
18000,0.9549999999999998
19000,0.9549999999999998
20000,0.9549999999999998
