steps,rewards
1000,0.1941
2000,0.2858
3000,0.33259999999999995
4000,0.5544999999999999
5000,0.33819999999999995
6000,0.6408000000000001
7000,0.7605999999999999
8000,0.6562
9000,0.18219999999999997
10000,0.1577
11000,0.865
12000,0.9414999999999999
13000,0.9549999999999998
14000,0.9549999999999998
15000,0.9549999999999998
16000,0.9549999999999998
17000,0.9549999999999998
18000,0.9549999999999998
19000,0.9549999999999998
20000,0.9549999999999998
