steps,rewards
1000,0.15789999999999998
2000,0.0794
3000,0.129
4000,0.14709999999999995
5000,0.1984
6000,0.7687
7000,0.8551
8000,0.9019
9000,0.35419999999999996
10000,0.9225999999999999
11000,0.8315999999999999
12000,0.9549999999999998
13000,0.9549999999999998
14000,0.9549999999999998
15000,0.9549999999999998
16000,0.9549999999999998
17000,0.9549999999999998
18000,0.9549999999999998
19000,0.9549999999999998
20000,0.9549999999999998
