steps,rewards
1000,0.4282
2000,0.4201
3000,0.3616
4000,0.40119999999999995
5000,0.5182
6000,0.6967
7000,0.6372
8000,0.6093999999999999
9000,0.4849
10000,0.8497
11000,0.9532
12000,0.9469
13000,0.9495999999999999
14000,0.9549999999999998
15000,0.9549999999999998
16000,0.9549999999999998
17000,0.9549999999999998
18000,0.9549999999999998
19000,0.9549999999999998
20000,0.9549999999999998
