steps,rewards
1000,0.23720000000000002
2000,0.0857
3000,0.2191
4000,0.1298
5000,0.27149999999999996
6000,0.1281
7000,0.2218
8000,0.5065999999999999
9000,0.5778
10000,0.3534
11000,0.20579999999999993
12000,0.5714
13000,0.9487
14000,0.9549999999999998
15000,0.9549999999999998
16000,0.9549999999999998
17000,0.9549999999999998
18000,0.9549999999999998
19000,0.9549999999999998
20000,0.9549999999999998
