steps,rewards
1000,0.229
2000,0.1876
3000,0.22279999999999997
4000,0.2966
5000,0.1868
6000,0.3588
7000,0.6911999999999999
8000,0.6002
9000,0.6668999999999999
10000,0.0
11000,0.937
12000,0.9451
13000,0.9549999999999998
14000,0.9549999999999998
15000,0.9549999999999998
16000,0.9549999999999998
17000,0.9549999999999998
18000,0.9549999999999998
19000,0.9549999999999998
20000,0.9549999999999998
