steps,rewards
1000,0.2399
2000,0.5327999999999999
3000,0.3192
4000,0.23619999999999997
5000,0.5317999999999999
6000,0.7705
7000,0.5779000000000001
8000,0.5246999999999999
9000,0.3074
10000,0.8109999999999999
11000,0.9343
12000,0.9181000000000001
13000,0.9405999999999999
14000,0.946
15000,0.9549999999999998
16000,0.9549999999999998
17000,0.9549999999999998
18000,0.9549999999999998
19000,0.9549999999999998
20000,0.9549999999999998
