steps,rewards
1000,0.0
2000,0.07039999999999999
3000,0.17759999999999998
4000,0.3661
5000,0.46799999999999997
6000,0.639
7000,0.8506
8000,0.6688
9000,0.25079999999999997
10000,0.14150000000000001
11000,0.9235
12000,0.9343
13000,0.9298
14000,0.9549999999999998
15000,0.9549999999999998
16000,0.9549999999999998
17000,0.9549999999999998
18000,0.9549999999999998
19000,0.9549999999999998
20000,0.9549999999999998
