steps,rewards
1000,0.09919999999999998
2000,0.19390000000000002
3000,0.211
4000,0.39669999999999994
5000,0.7102
6000,0.6814
7000,0.8542
8000,0.6245999999999999
9000,0.3289999999999999
10000,0.9396999999999999
11000,0.9432999999999998
12000,0.9549999999999998
13000,0.9549999999999998
14000,0.9549999999999998
15000,0.9549999999999998
16000,0.9549999999999998
17000,0.9549999999999998
18000,0.9549999999999998
19000,0.9549999999999998
20000,0.9549999999999998
