steps,rewards
1000,0.09839999999999999
2000,0.18569999999999998
3000,0.21479999999999996
4000,0.15960000000000002
5000,0.33530000000000004
6000,0.5660000000000001
7000,0.5795
8000,0.7714
9000,0.8605
10000,0.8506
11000,0.9469
12000,0.9549999999999998
13000,0.9549999999999998
14000,0.9549999999999998
15000,0.9549999999999998
16000,0.9549999999999998
17000,0.9549999999999998
18000,0.9549999999999998
19000,0.9549999999999998
20000,0.9549999999999998
