steps,rewards
1000,0.0
2000,0.09929999999999997
3000,0.2364
4000,0.10379999999999998
5000,0.0858
6000,0.1065
7000,0.4201999999999999
8000,0.35890000000000005
9000,0.8128
10000,0.8407
11000,0.4184
12000,0.9307000000000001
13000,0.9316000000000001
14000,0.9388
15000,0.9549999999999998
16000,0.9549999999999998
17000,0.9549999999999998
18000,0.9549999999999998
19000,0.9549999999999998
20000,0.9549999999999998
