steps,rewards
1000,0.0
2000,0.1291
3000,0.09839999999999999
4000,0.05049999999999999
5000,0.0
6000,0.0343
7000,0.06399999999999999
8000,0.22549999999999995
9000,0.4039999999999999
10000,0.6867
11000,0.5641999999999999
12000,0.36339999999999995
13000,0.0
14000,0.0
15000,0.0
16000,0.0
17000,0.0
18000,0.0
19000,0.0
20000,0.9549999999999998
