steps,rewards
1000,0.4382
2000,0.5066999999999999
3000,0.5264
4000,0.4417999999999999
5000,0.6183
6000,0.7038
7000,0.7066
8000,0.7533999999999998
9000,0.7911999999999999
10000,0.9513999999999999
11000,0.9541000000000001
12000,0.9549999999999998
13000,0.9549999999999998
14000,0.9549999999999998
15000,0.9549999999999998
16000,0.9549999999999998
17000,0.9549999999999998
18000,0.9549999999999998
19000,0.9549999999999998
20000,0.9549999999999998
