steps,rewards
1000,0.11000000000000001
2000,0.1226
3000,0.3848
4000,0.1407
5000,0.0847
6000,0.2848
7000,0.7552
8000,0.8542
9000,0.3659
10000,0.0712
11000,0.5921
12000,0.9532
13000,0.9549999999999998
14000,0.9549999999999998
15000,0.9549999999999998
16000,0.9549999999999998
17000,0.9549999999999998
18000,0.9549999999999998
19000,0.9549999999999998
20000,0.9549999999999998
