steps,rewards
1000,0.1659
2000,0.0253
3000,0.2714
4000,0.36229999999999996
5000,0.019899999999999994
6000,0.5940000000000001
7000,0.6409
8000,0.5471
9000,0.25529999999999997
10000,0.26149999999999995
11000,0.8739999999999999
12000,0.9549999999999998
13000,0.9549999999999998
14000,0.9549999999999998
15000,0.9549999999999998
16000,0.9549999999999998
17000,0.9549999999999998
18000,0.9549999999999998
19000,0.9549999999999998
20000,0.9549999999999998
