steps,rewards
1000,0.0
2000,0.0793
3000,0.0226
4000,0.0766
5000,0.2101
6000,0.0955
7000,0.027099999999999992
8000,0.0
9000,0.4011
10000,0.5041
11000,0.15860000000000002
12000,0.0262
13000,0.0
14000,0.0902
15000,0.8594999999999999
16000,0.9549999999999998
17000,0.9549999999999998
18000,0.9549999999999998
19000,0.9549999999999998
20000,0.9549999999999998
