steps,rewards
1000,0.1011
2000,0.1767
3000,0.0685
4000,0.1867
5000,0.21559999999999996
6000,0.4065
7000,0.3345
8000,0.14609999999999998
9000,0.4805
10000,0.6894
11000,0.8389
12000,0.8038000000000001
13000,0.3209
14000,0.611
15000,0.9549999999999998
16000,0.9549999999999998
17000,0.9549999999999998
18000,0.9549999999999998
19000,0.9549999999999998
20000,0.9549999999999998
