steps,rewards
1000,0.031599999999999996
2000,0.32999999999999996
3000,0.1443
4000,0.24819999999999992
5000,0.5993999999999999
6000,0.32999999999999996
7000,0.6489
8000,0.5841
9000,0.5372000000000001
10000,0.8065
11000,0.9298
12000,0.9549999999999998
13000,0.9549999999999998
14000,0.9549999999999998
15000,0.9549999999999998
16000,0.9549999999999998
17000,0.9549999999999998
18000,0.9549999999999998
19000,0.9549999999999998
20000,0.9549999999999998
