steps,rewards
1000,0.16949999999999998
2000,0.092
3000,0.119
4000,0.11099999999999999
5000,0.19590000000000002
6000,0.15339999999999998
7000,0.0865
8000,0.17319999999999997
9000,0.0
10000,0.0
11000,0.0
12000,0.0
13000,0.0
14000,0.0
15000,0.0
16000,0.0
17000,0.0
18000,0.0
19000,0.0
20000,0.0
21000,0.0
22000,0.0
23000,0.0
24000,0.0
25000,0.0
