steps,rewards
1000,0.15898437499999998
2000,0.18007812499999998
3000,0.1340625
4000,0.1026171875
5000,0.0490234375
6000,0.0
7000,0.0
8000,0.0
9000,0.0
10000,0.0
11000,0.0
12000,0.0
13000,0.0
14000,0.0
15000,0.0
16000,0.0
17000,0.0
18000,0.0
19000,0.0
20000,0.0
21000,0.0
22000,0.0
23000,0.0
24000,0.0
25000,0.0
26000,0.0
27000,0.025117187499999992
28000,0.323515625
29000,0.8062890625
30000,0.84671875
31000,0.5396875
32000,0.40874999999999995
33000,0.8259765625
34000,0.6713281249999999
35000,0.4303906250000001
36000,0.41417968750000006
37000,0.4635546875
38000,0.3103515625
39000,0.109453125
40000,0.2563671875
41000,0.19101562499999997
42000,0.8439062500000001
43000,0.9535937500000001
44000,0.9542968750000002
45000,0.8843359375000001
46000,0.9542968750000002
47000,0.9542968750000002
48000,0.947265625
49000,0.8597265624999999
50000,0.9469140625000001
51000,0.9532421875000002
52000,0.9532421875000001
53000,0.9542968750000002
54000,0.9528906250000002
55000,0.9539453125000001
56000,0.9542968750000002
57000,0.9539453125000001
58000,0.9353125000000002
59000,0.9504296875
60000,0.9497265625000001
61000,0.7889062499999999
62000,0.9504296875000001
63000,0.9532421875000001
64000,0.9451562500000001
65000,0.9082421875000002
66000,0.95078125
67000,0.8578125
68000,0.9258203125000002
69000,0.9542968750000002
70000,0.9043750000000002
71000,0.63265625
72000,0.9535937500000001
73000,0.9539453125000001
74000,0.9542968750000002
75000,0.9542968750000002
76000,0.9542968750000002
77000,0.9525390625000002
78000,0.9542968750000002
79000,0.9542968750000002
80000,0.9542968750000002
81000,0.9542968750000002
82000,0.9542968750000002
83000,0.9542968750000002
84000,0.9542968750000002
85000,0.9542968750000002
86000,0.9542968750000002
87000,0.9542968750000002
88000,0.9539453125000001
89000,0.9542968750000002
90000,0.9542968750000002
91000,0.9539453125000001
92000,0.9535937500000001
93000,0.9532421875000002
94000,0.9542968750000002
95000,0.9539453125000001
96000,0.9539453125000001
97000,0.9542968750000002
98000,0.9542968750000002
99000,0.952890625
100000,0.9539453125000001
