steps,rewards
1000,0.2552
2000,0.0768
3000,0.1984
4000,0.25060000000000004
5000,0.13079999999999997
6000,0.1335
7000,0.0
8000,0.0
9000,0.0739
10000,0.013600000000000001
