steps,rewards
1000,-0.8045
2000,-1.0
3000,-1.0
4000,-0.6243000000000001
5000,-0.8153
6000,-1.0
7000,-0.6144000000000001
8000,-0.8288
9000,-0.6216
10000,-0.8161999999999999
11000,-0.24230000000000004
12000,-0.23779999999999996
13000,-0.2801
14000,-0.055800000000000016
15000,-0.0738
16000,0.5154000000000001
17000,-0.26480000000000004
18000,-0.2324
19000,0.10999999999999996
20000,-0.24499999999999997
21000,-0.2306
22000,-0.05669999999999999
23000,0.7019
24000,0.3451
25000,0.9153999999999998
