steps,rewards
1000,0.2552
2000,0.06869999999999998
3000,0.06509999999999999
4000,0.23359999999999997
5000,0.14079999999999998
6000,0.1524
7000,0.07849999999999999
8000,0.0
9000,0.0
10000,0.0
11000,0.0
12000,0.0
13000,0.0
14000,0.0
15000,0.0
16000,0.0
17000,0.0
18000,0.0
19000,0.0
20000,0.0
21000,0.0
22000,0.0
23000,0.0
24000,0.0
25000,0.0
