steps,rewards
1000,0.11640624999999999
2000,0.17122395833333334
3000,0.1611328125
4000,0.31875
5000,0.3273828125
6000,0.158515625
7000,0.0841796875
8000,0.0
9000,0.10402343750000001
