steps,rewards
1000,0.2283
2000,0.048799999999999996
3000,0.2001
4000,0.2244
5000,0.2858
6000,0.6111000000000001
7000,0.7388999999999999
8000,0.7659999999999999
9000,0.4967
10000,0.8533
11000,0.9163
12000,0.946
13000,0.9549999999999998
14000,0.9549999999999998
15000,0.9549999999999998
