steps,rewards
1000,0.2283
2000,0.07579999999999999
3000,0.42829999999999996
4000,0.23979999999999996
5000,0.22999999999999998
6000,0.2723
7000,0.49129999999999985
8000,0.5778999999999999
9000,0.5193
10000,0.6588
11000,0.466
12000,0.7596999999999999
13000,0.6317999999999999
14000,0.35169999999999996
15000,0.5236999999999999
