steps,rewards
1000,0.0
2000,0.1271
3000,0.128
4000,0.1254
5000,0.3263
6000,0.27949999999999997
7000,0.458
8000,0.6804
9000,0.5542999999999999
10000,0.9216999999999999
11000,0.9495999999999999
12000,0.9495999999999999
13000,0.9549999999999998
14000,0.9549999999999998
15000,0.9549999999999998
16000,0.9549999999999998
17000,0.9549999999999998
18000,0.9549999999999998
19000,0.9549999999999998
20000,0.9549999999999998
