steps,rewards
1000,0.0
2000,0.0793
3000,0.07759999999999999
4000,0.18780000000000002
5000,0.09749999999999999
6000,0.20919999999999997
7000,0.1541
8000,0.07039999999999999
9000,0.33449999999999996
10000,0.5138
11000,0.73
12000,0.3293
13000,0.3118
14000,0.5254000000000001
15000,0.946
16000,0.946
17000,0.946
18000,0.946
19000,0.946
20000,0.946
