steps,rewards
1000,0.0
2000,0.1291
3000,0.14699999999999996
4000,0.0
5000,0.05779999999999998
6000,0.0
7000,0.16069999999999998
8000,0.3516
9000,0.3029
10000,0.5730999999999999
11000,0.4021
12000,0.575
13000,0.3958
14000,0.9154
15000,0.9549999999999998
16000,0.9549999999999998
17000,0.9549999999999998
18000,0.9549999999999998
19000,0.9549999999999998
20000,0.9549999999999998
