steps,rewards
1000,0.029799999999999993
2000,0.08209999999999999
3000,0.2001
4000,0.22729999999999997
5000,0.15069999999999997
6000,0.2823
7000,0.5525
8000,0.7129
9000,0.7912
10000,0.4093
11000,0.7057
12000,0.9478
13000,0.9549999999999998
14000,0.9549999999999998
15000,0.9549999999999998
16000,0.9549999999999998
17000,0.9549999999999998
18000,0.9549999999999998
19000,0.9549999999999998
20000,0.9549999999999998
