steps,rewards
1000,0.4032
2000,0.3363
3000,0.3346
4000,0.4039
5000,0.4715
6000,0.365
7000,0.4345
8000,0.4444
9000,0.6291
10000,0.8766999999999999
11000,0.9118
12000,0.8812
13000,0.9541000000000001
14000,0.9549999999999998
15000,0.9549999999999998
16000,0.9549999999999998
17000,0.9549999999999998
18000,0.9549999999999998
19000,0.9549999999999998
20000,0.9549999999999998
