steps,rewards
1000,0.0
2000,0.10189999999999999
3000,0.0
4000,0.030699999999999995
5000,0.0
6000,0.021699999999999997
7000,0.08759999999999998
8000,0.3004
9000,0.6094
10000,0.6795
11000,0.4137999999999999
12000,0.0469
13000,0.6444
14000,0.9486999999999999
15000,0.7253999999999999
16000,0.9298
17000,0.9549999999999998
18000,0.9549999999999998
19000,0.9549999999999998
20000,0.9549999999999998
