steps,rewards
1000,0.229
2000,0.2048
3000,0.2885
4000,0.42469999999999997
5000,0.09469999999999999
6000,0.03709999999999999
7000,0.0803
8000,0.5102
9000,0.5453000000000001
10000,0.6607000000000001
11000,0.4526
12000,0.2787
13000,0.8875
14000,0.9298
15000,0.9549999999999998
16000,0.9549999999999998
17000,0.9549999999999998
18000,0.9549999999999998
19000,0.9549999999999998
20000,0.9549999999999998
