steps,rewards
1000,0.1659
2000,0.15799999999999997
3000,0.3563
4000,0.15799999999999997
5000,0.5868
6000,0.3173
7000,0.5597
8000,0.8524
9000,0.9270999999999999
10000,0.9262
11000,0.9090999999999999
12000,0.9549999999999998
13000,0.9549999999999998
14000,0.9549999999999998
15000,0.9549999999999998
16000,0.9549999999999998
17000,0.9549999999999998
18000,0.9549999999999998
19000,0.9549999999999998
20000,0.9549999999999998
