steps,rewards
1000,0.2083
2000,0.4688
3000,0.503
4000,0.5290999999999999
5000,0.657
6000,0.7579
7000,0.8011000000000001
8000,0.7938999999999999
9000,0.8623
10000,0.9172
11000,0.9513999999999999
12000,0.9549999999999998
13000,0.9549999999999998
14000,0.9549999999999998
15000,0.9549999999999998
16000,0.9549999999999998
17000,0.9549999999999998
18000,0.9549999999999998
19000,0.9549999999999998
20000,0.9549999999999998
