steps,rewards
1000,0.0
2000,0.0803
3000,0.175
4000,0.13529999999999998
5000,0.0875
6000,0.07309999999999998
7000,0.0703
8000,0.5077
9000,0.5544
10000,0.6399
11000,0.9099999999999999
12000,0.6876
13000,0.3713
14000,0.9100000000000001
15000,0.9549999999999998
16000,0.9549999999999998
17000,0.9541000000000001
18000,0.9549999999999998
19000,0.9549999999999998
20000,0.9549999999999998
