steps,rewards
1000,0.15789999999999998
2000,0.1028
3000,0.16429999999999997
4000,0.12079999999999998
5000,0.009999999999999998
6000,0.26139999999999997
7000,0.6247
8000,0.6561999999999999
9000,0.7732
10000,0.8523999999999999
11000,0.8938
12000,0.9388
13000,0.946
14000,0.9549999999999998
15000,0.9549999999999998
16000,0.9549999999999998
17000,0.9549999999999998
18000,0.9549999999999998
19000,0.9549999999999998
20000,0.9549999999999998
