steps,rewards
1000,0.09919999999999998
2000,0.09569999999999998
3000,0.1199
4000,0.1785
5000,0.4903999999999999
6000,0.6669
7000,0.694
8000,0.9315999999999999
9000,0.9423999999999999
10000,0.9082000000000001
11000,0.9549999999999998
12000,0.9549999999999998
13000,0.9549999999999998
14000,0.9549999999999998
15000,0.9549999999999998
16000,0.9549999999999998
17000,0.9549999999999998
18000,0.9549999999999998
19000,0.9549999999999998
20000,0.9549999999999998
