steps,rewards
1000,0.09839999999999999
2000,0.46329999999999993
3000,0.3076
4000,0.2183
5000,0.24430000000000002
6000,0.39399999999999996
7000,0.47240000000000004
8000,0.502
9000,0.7695
10000,0.6903
11000,0.8875
12000,0.9496
13000,0.9549999999999998
14000,0.9549999999999998
15000,0.9549999999999998
16000,0.9549999999999998
17000,0.9549999999999998
18000,0.9549999999999998
19000,0.9549999999999998
20000,0.9549999999999998
