steps,rewards
1000,0.4831
2000,0.413
3000,0.6939
4000,0.46959999999999996
5000,0.5102
6000,0.6388999999999999
7000,0.6094
8000,0.693
9000,0.9279999999999997
10000,0.9270999999999999
11000,0.9324999999999999
12000,0.9513999999999999
13000,0.9549999999999998
14000,0.9549999999999998
15000,0.9549999999999998
16000,0.9549999999999998
17000,0.9549999999999998
18000,0.9549999999999998
19000,0.9549999999999998
20000,0.9549999999999998
