steps,rewards
1000,0.1497
2000,0.4949
3000,0.14079999999999998
4000,0.0938
5000,0.4714999999999999
6000,0.34269999999999995
7000,0.22999999999999998
8000,0.4805
9000,0.7444
10000,0.8497
11000,0.8614
12000,0.9090999999999999
13000,0.8722
14000,0.9478
15000,0.9442
16000,0.9549999999999998
17000,0.9549999999999998
18000,0.9549999999999998
19000,0.9549999999999998
20000,0.9549999999999998
