steps,rewards
1000,0.30920000000000003
2000,0.4326999999999999
3000,0.44719999999999993
4000,0.21199999999999997
5000,0.4309
6000,0.375
7000,0.41479999999999995
8000,0.4786
9000,0.5804
10000,0.3779
11000,0.23160000000000003
12000,0.44079999999999997
13000,0.622
14000,0.9271
15000,0.9549999999999998
16000,0.9549999999999998
17000,0.9549999999999998
18000,0.9549999999999998
19000,0.9549999999999998
20000,0.9549999999999998
