steps,rewards
1000,0.1011
2000,0.15159999999999998
3000,0.18669999999999998
4000,0.2037
5000,0.1795
6000,0.2542
7000,0.1336
8000,0.25539999999999996
9000,0.466
10000,0.3814
11000,0.5786999999999999
12000,0.4535
13000,0.7777000000000001
14000,0.9081999999999999
15000,0.9360999999999999
16000,0.9460000000000001
17000,0.9442
18000,0.9549999999999998
19000,0.9549999999999998
20000,0.9549999999999998
