steps,rewards
1000,0.13259999999999997
2000,0.4615
3000,0.29500000000000004
4000,0.1938
5000,0.16069999999999998
6000,0.39399999999999996
7000,0.4984
8000,0.766
9000,0.8524
10000,0.7983999999999998
11000,0.9261999999999999
12000,0.9450999999999998
13000,0.9549999999999998
14000,0.9549999999999998
15000,0.9549999999999998
16000,0.9549999999999998
17000,0.9549999999999998
18000,0.9549999999999998
19000,0.9549999999999998
20000,0.9549999999999998
