steps,rewards
1000,0.4678
2000,0.26959999999999995
3000,0.1777
4000,0.24969999999999998
5000,0.37599999999999995
6000,0.4067
7000,0.3706
8000,0.6751
9000,0.7066000000000001
10000,0.8812
11000,0.8775999999999999
12000,0.9118
13000,0.9397
14000,0.9549999999999998
15000,0.9549999999999998
16000,0.9549999999999998
17000,0.9549999999999998
18000,0.9549999999999998
19000,0.9549999999999998
20000,0.9549999999999998
