steps,rewards
1000,0.4021
2000,0.2984
3000,0.27169999999999994
4000,0.12999999999999998
5000,0.4010999999999999
6000,0.3516
7000,0.5805
8000,0.8146000000000001
9000,0.7254999999999999
10000,0.9423999999999999
11000,0.8434000000000001
12000,0.9469
13000,0.9513999999999999
14000,0.9549999999999998
15000,0.9549999999999998
16000,0.9549999999999998
17000,0.9549999999999998
18000,0.9549999999999998
19000,0.9549999999999998
20000,0.9549999999999998
