steps,rewards
1000,0.1941
2000,0.2049
3000,0.23289999999999997
4000,0.1335
5000,0.1282
6000,0.31639999999999996
7000,0.1291
8000,0.5227
9000,0.9018999999999998
10000,0.8623000000000001
11000,0.9046
12000,0.7048
13000,0.9549999999999998
14000,0.9549999999999998
15000,0.9549999999999998
16000,0.9549999999999998
17000,0.9549999999999998
18000,0.9549999999999998
19000,0.9549999999999998
20000,0.9549999999999998
