steps,rewards
1000,0.0
2000,0.09929999999999997
3000,0.16419999999999998
4000,0.0262
5000,0.1056
6000,0.0668
7000,0.08669999999999999
8000,0.17319999999999997
9000,0.1599
10000,0.5706
11000,0.7651
12000,0.8937999999999999
13000,0.3273
14000,0.8785000000000001
15000,0.8560000000000001
16000,0.9334
17000,0.9423999999999999
18000,0.946
19000,0.946
20000,0.946
