steps,rewards
1000,0.11000000000000001
2000,0.1876
3000,0.22000000000000003
4000,0.1001
5000,0.1298
6000,0.23090000000000002
7000,0.07139999999999999
8000,0.2326
9000,0.1795
10000,0.49479999999999996
11000,0.5319
12000,0.4787
13000,0.9388
14000,0.9208000000000001
15000,0.9549999999999998
16000,0.9549999999999998
17000,0.9549999999999998
18000,0.9549999999999998
19000,0.9549999999999998
20000,0.9549999999999998
