steps,rewards
1000,0.3696
2000,0.45619999999999994
3000,0.28309999999999996
4000,0.4067
5000,0.3626
6000,0.5841000000000001
7000,0.7219
8000,0.8047000000000001
9000,0.8461000000000001
10000,0.8713
11000,0.9496
12000,0.9549999999999998
13000,0.9549999999999998
14000,0.9549999999999998
15000,0.9549999999999998
16000,0.9549999999999998
17000,0.9549999999999998
18000,0.9549999999999998
19000,0.9549999999999998
20000,0.9549999999999998
