steps,rewards
1000,0.2939
2000,0.22010000000000005
3000,0.19559999999999997
4000,0.19039999999999999
5000,0.33449999999999996
6000,0.27159999999999995
7000,0.376
8000,0.5959000000000001
9000,0.5428000000000001
10000,0.7588
11000,0.8128
12000,0.8838999999999999
13000,0.9073
14000,0.9270999999999999
15000,0.8577999999999999
16000,0.8974
17000,0.9280000000000002
18000,0.9280000000000002
19000,0.9280000000000002
20000,0.9280000000000002
