steps,rewards
1000,0.031599999999999996
2000,0.5003
3000,0.13899999999999996
4000,0.44639999999999996
5000,0.37509999999999993
6000,0.1668
7000,0.5083
8000,0.5588999999999998
9000,0.6336999999999999
10000,0.6939999999999998
11000,0.8623000000000001
12000,0.8244999999999999
13000,0.9334
14000,0.9549999999999998
15000,0.9549999999999998
16000,0.9549999999999998
17000,0.9549999999999998
18000,0.9549999999999998
19000,0.9549999999999998
20000,0.9549999999999998
