steps,rewards
1000,0.2283
2000,0.16049999999999998
3000,0.1578
4000,0.0
5000,0.33899999999999997
6000,0.0354
7000,0.5534999999999999
8000,0.7083999999999999
9000,0.8488
10000,0.6948999999999999
11000,0.6435
12000,0.9379
13000,0.9486999999999999
14000,0.946
15000,0.946
16000,0.9549999999999998
17000,0.9549999999999998
18000,0.9549999999999998
19000,0.9549999999999998
20000,0.9549999999999998
