steps,rewards
1000,0.3336
2000,0.1858
3000,0.1361
4000,0.0829
5000,0.1452
6000,0.35329999999999995
7000,0.44719999999999993
8000,0.5795999999999999
9000,0.6490000000000001
10000,0.6481
11000,0.8956
12000,0.9154
13000,0.9189999999999999
14000,0.9298
15000,0.9549999999999998
16000,0.9549999999999998
17000,0.9549999999999998
18000,0.9549999999999998
19000,0.9549999999999998
20000,0.9549999999999998
