steps,rewards
1000,0.0
2000,0.07039999999999999
3000,0.2472
4000,0.19299999999999998
5000,0.1444
6000,0.4192
7000,0.3256
8000,0.4688
9000,0.6777
10000,0.7362
11000,0.7038
12000,0.7552000000000001
13000,0.901
14000,0.937
15000,0.937
16000,0.9549999999999998
17000,0.9549999999999998
18000,0.9549999999999998
19000,0.9549999999999998
20000,0.9549999999999998
