steps,rewards
1000,0.0
2000,0.10189999999999999
3000,0.1028
4000,0.04959999999999999
5000,0.0903
6000,0.12810000000000002
7000,0.7939
8000,0.7605999999999999
9000,0.7066
10000,0.5525
11000,0.7081999999999999
12000,0.9279999999999999
13000,0.9486999999999999
14000,0.946
15000,0.946
16000,0.9549999999999998
17000,0.9549999999999998
18000,0.9549999999999998
19000,0.9549999999999998
20000,0.9549999999999998
