steps,rewards
1000,0.36710000000000004
2000,0.23909999999999995
3000,0.3364
4000,0.45709999999999995
5000,0.6643
6000,0.5563
7000,0.8478999999999999
8000,0.7786000000000001
9000,0.874
10000,0.874
11000,0.9423999999999999
12000,0.9388
13000,0.9549999999999998
14000,0.9549999999999998
15000,0.9549999999999998
16000,0.9549999999999998
17000,0.9549999999999998
18000,0.9549999999999998
19000,0.9549999999999998
20000,0.9549999999999998
