steps,rewards
1000,0.15789999999999998
2000,0.1137
3000,0.40919999999999995
4000,0.19119999999999998
5000,0.2866
6000,0.619
7000,0.8217000000000001
8000,0.9163
9000,0.8604999999999998
10000,0.8793999999999998
11000,0.8821
12000,0.9549999999999998
13000,0.9549999999999998
14000,0.9549999999999998
15000,0.9549999999999998
16000,0.9549999999999998
17000,0.9549999999999998
18000,0.9549999999999998
19000,0.9549999999999998
20000,0.9549999999999998
