steps,rewards
1000,0.029799999999999993
2000,0.05339999999999999
3000,0.058799999999999984
4000,0.09019999999999999
5000,0.0875
6000,0.2326
7000,0.4194
8000,0.8505999999999998
9000,0.7461
10000,0.3733
11000,0.8802999999999999
12000,0.6317
13000,0.9549999999999998
14000,0.9549999999999998
15000,0.9549999999999998
16000,0.9549999999999998
17000,0.9549999999999998
18000,0.9549999999999998
19000,0.9549999999999998
20000,0.9549999999999998
