steps,rewards
1000,0.23720000000000002
2000,0.174
3000,0.0254
4000,0.1624
5000,0.22459999999999997
6000,0.11179999999999998
7000,0.12269999999999999
8000,0.48419999999999996
9000,0.3508
10000,0.3028
11000,0.34269999999999995
12000,0.8901999999999999
13000,0.9379
14000,0.9423999999999999
15000,0.9549999999999998
16000,0.9549999999999998
17000,0.9549999999999998
18000,0.9549999999999998
19000,0.9549999999999998
20000,0.9549999999999998
