steps,rewards
1000,0.229
2000,0.20400000000000001
3000,0.0568
4000,0.3957
5000,0.25880000000000003
6000,0.14709999999999995
7000,0.6481
8000,0.7389999999999999
9000,0.8667999999999999
10000,0.5768
11000,0.6399
12000,0.9504999999999999
13000,0.9549999999999998
14000,0.9549999999999998
15000,0.9549999999999998
16000,0.9549999999999998
17000,0.9549999999999998
18000,0.9549999999999998
19000,0.9549999999999998
20000,0.9549999999999998
