steps,rewards
1000,0.0
2000,0.09929999999999997
3000,0.1697
4000,0.0605
5000,0.1507
6000,0.048799999999999996
7000,0.2931
8000,0.3858
9000,0.4321
10000,0.8308000000000002
11000,0.7381
12000,0.48760000000000003
13000,0.8857000000000002
14000,0.9208000000000001
15000,0.9478
16000,0.9522999999999999
17000,0.9549999999999998
18000,0.9549999999999998
19000,0.9549999999999998
20000,0.9549999999999998
