steps,rewards
1000,0.0
2000,0.07039999999999999
3000,0.1876
4000,0.49400000000000005
5000,0.40759999999999996
6000,0.6678
7000,0.7182999999999999
8000,0.7534
9000,0.6632999999999999
10000,0.2958
11000,0.8253999999999999
12000,0.9198999999999999
13000,0.9315999999999999
14000,0.9468999999999997
15000,0.9495999999999999
16000,0.9549999999999998
17000,0.9549999999999998
18000,0.9549999999999998
19000,0.9549999999999998
20000,0.9549999999999998
