steps,rewards
1000,0.0
2000,0.1291
3000,0.07579999999999999
4000,0.03889999999999999
5000,0.0
6000,0.0
7000,0.1371
8000,0.2641
9000,0.3047
10000,0.5444
11000,0.721
12000,0.4264
13000,0.5786
14000,0.8722
15000,0.8038000000000001
16000,0.6841
17000,0.8164
18000,0.9549999999999998
19000,0.9549999999999998
20000,0.9549999999999998
