steps,rewards
1000,0.2399
2000,0.3867999999999999
3000,0.3607
4000,0.26789999999999997
5000,0.3679
6000,0.4958
7000,0.7686999999999999
8000,0.7786000000000001
9000,0.4284
10000,0.8461000000000001
11000,0.9180999999999999
12000,0.9478
13000,0.9306999999999999
14000,0.9405999999999999
15000,0.9549999999999998
16000,0.9549999999999998
17000,0.9549999999999998
18000,0.9549999999999998
19000,0.9549999999999998
20000,0.9549999999999998
