steps,rewards
1000,0.031599999999999996
2000,0.47429999999999994
3000,0.12
4000,0.23090000000000002
5000,0.43200000000000005
6000,0.18039999999999998
7000,0.7120000000000001
8000,0.5859
9000,0.3166
10000,0.47680000000000006
11000,0.8038000000000001
12000,0.9180999999999999
13000,0.9549999999999998
14000,0.9549999999999998
15000,0.9549999999999998
16000,0.9549999999999998
17000,0.9549999999999998
18000,0.9549999999999998
19000,0.9549999999999998
20000,0.9549999999999998
