steps,rewards
1000,0.09919999999999998
2000,0.19569999999999999
3000,0.0965
4000,0.5526000000000001
5000,0.8604999999999998
6000,0.8488
7000,0.8614
8000,0.829
9000,0.4625
10000,0.9549999999999998
11000,0.9549999999999998
12000,0.9549999999999998
13000,0.9549999999999998
14000,0.9549999999999998
15000,0.9549999999999998
16000,0.9549999999999998
17000,0.9549999999999998
18000,0.9549999999999998
19000,0.9549999999999998
20000,0.9549999999999998
