steps,rewards
1000,0.2083
2000,0.4202
3000,0.6075
4000,0.5993
5000,0.7605000000000001
6000,0.6534000000000001
7000,0.7489
8000,0.8812
9000,0.9397
10000,0.9549999999999998
11000,0.9549999999999998
12000,0.9549999999999998
13000,0.9549999999999998
14000,0.9549999999999998
15000,0.9549999999999998
16000,0.9549999999999998
17000,0.9549999999999998
18000,0.9549999999999998
19000,0.9549999999999998
20000,0.9549999999999998
