steps,rewards
1000,0.3254
2000,0.4760000000000001
3000,0.34259999999999996
4000,0.29309999999999997
5000,0.4417
6000,0.6542999999999999
7000,0.47240000000000004
8000,0.5299
9000,0.5119
10000,0.392
11000,0.9216999999999999
12000,0.9541000000000001
13000,0.9549999999999998
14000,0.9549999999999998
15000,0.9549999999999998
16000,0.9549999999999998
17000,0.9549999999999998
18000,0.9549999999999998
19000,0.9549999999999998
20000,0.9549999999999998
