steps,rewards
1000,0.13259999999999997
2000,0.27149999999999996
3000,0.17759999999999998
4000,0.22719999999999999
5000,0.25880000000000003
6000,0.5984999999999998
7000,0.6902999999999999
8000,0.8821
9000,0.8461000000000001
10000,0.8074
11000,0.9522999999999999
12000,0.9549999999999998
13000,0.9549999999999998
14000,0.9549999999999998
15000,0.9549999999999998
16000,0.9549999999999998
17000,0.9549999999999998
18000,0.9549999999999998
19000,0.9549999999999998
20000,0.9549999999999998
