steps,rewards
1000,0.44089999999999996
2000,0.28769999999999996
3000,0.5165
4000,0.4641
5000,0.3822
6000,0.6228
7000,0.6750999999999999
8000,0.8533
9000,0.8901999999999999
10000,0.9244
11000,0.9423999999999999
12000,0.9549999999999998
13000,0.9549999999999998
14000,0.9549999999999998
15000,0.9549999999999998
16000,0.9549999999999998
17000,0.9549999999999998
18000,0.9549999999999998
19000,0.9549999999999998
20000,0.9549999999999998
