steps,rewards
1000,0.37679999999999997
2000,0.23010000000000003
3000,0.7668999999999999
4000,0.6174
5000,0.7182999999999999
6000,0.8911000000000001
7000,0.8838999999999999
8000,0.9099999999999999
9000,0.9513999999999999
10000,0.9513999999999999
11000,0.9549999999999998
12000,0.9549999999999998
13000,0.9549999999999998
14000,0.9549999999999998
15000,0.9549999999999998
16000,0.9549999999999998
17000,0.9549999999999998
18000,0.9549999999999998
19000,0.9549999999999998
20000,0.9549999999999998
