steps,rewards
1000,0.2283
2000,0.13799999999999998
3000,0.05419999999999999
4000,0.27140000000000003
5000,0.2002
6000,0.3912
7000,0.5589999999999999
8000,0.7651
9000,0.8290000000000001
10000,0.357
11000,0.39049999999999996
12000,0.8595999999999998
13000,0.9532
14000,0.9495999999999999
15000,0.9549999999999998
16000,0.9549999999999998
17000,0.9549999999999998
18000,0.9549999999999998
19000,0.9549999999999998
20000,0.9549999999999998
