steps,rewards
1000,0.1941
2000,0.12539999999999998
3000,0.2299
4000,0.449
5000,0.39409999999999995
6000,0.44350000000000006
7000,0.4896999999999999
8000,0.5418
9000,0.5463000000000001
10000,0.2064
11000,0.1344
12000,0.8641
13000,0.9423999999999999
14000,0.9549999999999998
15000,0.9549999999999998
16000,0.9549999999999998
17000,0.9549999999999998
18000,0.9549999999999998
19000,0.9549999999999998
20000,0.9549999999999998
