steps,rewards
1000,0.3371
2000,0.3255
3000,0.1722
4000,0.3535
5000,0.5029999999999999
6000,0.7282
7000,0.6921999999999999
8000,0.8398
9000,0.9469
10000,0.9487
11000,0.9549999999999998
12000,0.9549999999999998
13000,0.9549999999999998
14000,0.9549999999999998
15000,0.9549999999999998
16000,0.9549999999999998
17000,0.9549999999999998
18000,0.9549999999999998
19000,0.9549999999999998
20000,0.9549999999999998
