steps,rewards
1000,0.11000000000000001
2000,0.0361
3000,0.0814
4000,0.08299999999999999
5000,0.053200000000000004
6000,0.2406
7000,0.37039999999999995
8000,0.41550000000000004
9000,0.9126999999999998
10000,0.35700000000000004
11000,0.36789999999999995
12000,0.8109999999999999
13000,0.9549999999999998
14000,0.9549999999999998
15000,0.9549999999999998
16000,0.9549999999999998
17000,0.9549999999999998
18000,0.9549999999999998
19000,0.9549999999999998
20000,0.9549999999999998
