steps,rewards
1000,0.2714
2000,0.13799999999999998
3000,0.02799999999999999
4000,0.0867
5000,0.1921
6000,0.3552
7000,0.7165
8000,0.6587999999999999
9000,0.8056000000000001
10000,0.6759000000000001
11000,0.8299
12000,0.9343
13000,0.9549999999999998
14000,0.9549999999999998
15000,0.9549999999999998
16000,0.9549999999999998
17000,0.9549999999999998
18000,0.9549999999999998
19000,0.9549999999999998
20000,0.9549999999999998
