steps,rewards
1000,0.4957
2000,0.4885999999999999
3000,0.2922
4000,0.5650999999999999
5000,0.47879999999999995
6000,0.5004
7000,0.7777
8000,0.874
9000,0.8470000000000001
10000,0.8875
11000,0.9549999999999998
12000,0.9549999999999998
13000,0.9549999999999998
14000,0.9549999999999998
15000,0.9549999999999998
16000,0.9549999999999998
17000,0.9549999999999998
18000,0.9549999999999998
19000,0.9549999999999998
20000,0.9549999999999998
