steps,rewards
1000,0.1011
2000,0.08839999999999999
3000,0.0685
4000,0.2578
5000,0.18580000000000002
6000,0.3661
7000,0.2407
8000,0.3833
9000,0.6156999999999999
10000,0.7848999999999999
11000,0.7686999999999999
12000,0.8641
13000,0.9469
14000,0.9469
15000,0.946
16000,0.9522999999999999
17000,0.9549999999999998
18000,0.9549999999999998
19000,0.9549999999999998
20000,0.9549999999999998
