steps,rewards
1000,0.0
2000,0.0793
3000,0.0676
4000,0.2678
5000,0.2848
6000,0.2182
7000,0.6228
8000,0.7588
9000,0.358
10000,0.30289999999999995
11000,0.5471
12000,0.9361
13000,0.9549999999999998
14000,0.8965
15000,0.9549999999999998
16000,0.9549999999999998
17000,0.9549999999999998
18000,0.9549999999999998
19000,0.9549999999999998
20000,0.9549999999999998
