steps,rewards
1000,0.047
2000,0.22539999999999996
3000,0.1046
4000,0.5921999999999998
5000,0.1335
6000,0.23529999999999998
7000,0.19119999999999998
8000,0.6796
9000,0.3968
10000,0.1686
11000,0.12530000000000002
12000,0.0739
13000,0.6553
14000,0.9279999999999999
15000,0.946
16000,0.946
17000,0.946
18000,0.946
19000,0.946
20000,0.946
