steps,rewards
1000,0.1659
2000,0.0
3000,0.347
4000,0.311
5000,0.5075
6000,0.5246999999999999
7000,0.3266
8000,0.6399000000000001
9000,0.6885
10000,0.6047
11000,0.8587
12000,0.9324999999999999
13000,0.9549999999999998
14000,0.9549999999999998
15000,0.9549999999999998
16000,0.9549999999999998
17000,0.9549999999999998
18000,0.9549999999999998
19000,0.9549999999999998
20000,0.9549999999999998
