steps,rewards
1000,0.0
2000,0.1271
3000,0.1605
4000,0.1479
5000,0.2173
6000,0.041499999999999995
7000,0.5372999999999999
8000,0.413
9000,0.4164999999999999
10000,0.1443
11000,0.4598
12000,0.8749
13000,0.9450999999999998
14000,0.9541000000000001
15000,0.9549999999999998
16000,0.9549999999999998
17000,0.9549999999999998
18000,0.9549999999999998
19000,0.9549999999999998
20000,0.9549999999999998
