steps,rewards
1000,0.09839999999999999
2000,0.1362
3000,0.15699999999999997
4000,0.22269999999999998
5000,0.24609999999999999
6000,0.06859999999999998
7000,0.4084
8000,0.6641999999999999
9000,0.45899999999999996
10000,0.7534
11000,0.9531999999999998
12000,0.9549999999999998
13000,0.9549999999999998
14000,0.9549999999999998
15000,0.9549999999999998
16000,0.9549999999999998
17000,0.9549999999999998
18000,0.9549999999999998
19000,0.9549999999999998
20000,0.9549999999999998
