steps,rewards
1000,0.1362
2000,0.1786
3000,0.0226
4000,0.1406
5000,0.5355
6000,0.47409999999999997
7000,0.5886
8000,0.6733
9000,0.7975
10000,0.8991999999999999
11000,0.9388
12000,0.9279999999999999
13000,0.9549999999999998
14000,0.9549999999999998
15000,0.9549999999999998
