steps,rewards
1000,0.2552
2000,0.0768
3000,0.1984
4000,0.25060000000000004
5000,0.13079999999999997
6000,0.1335
7000,0.0
8000,0.0
9000,0.0739
10000,0.013600000000000001
11000,0.1668
12000,0.024399999999999998
13000,0.0452
14000,0.0595
15000,0.0
16000,0.1316
17000,0.0
18000,0.0
19000,0.0
20000,0.0
21000,0.9108999999999998
22000,0.7578999999999999
23000,0.6822999999999999
24000,0.47850000000000004
25000,0.28049999999999997
