steps,rewards
1000,0.1362
2000,0.294
3000,0.013600000000000001
4000,0.21559999999999996
5000,0.4481
6000,0.6003000000000001
7000,0.6929999999999998
8000,0.8172999999999998
9000,0.4165
10000,0.18669999999999995
11000,0.0901
12000,0.21189999999999998
13000,0.8083
14000,0.9549999999999998
15000,0.9549999999999998
