steps,rewards
1000,-0.3
2000,0.0
3000,0.0
4000,0.0
5000,0.0
6000,0.0
7000,0.0
8000,0.0
9000,0.0
10000,0.0
11000,0.0
12000,0.0
13000,0.0
14000,0.0
15000,0.0
16000,0.0
17000,0.0
18000,0.0361
19000,0.0
20000,0.0865
21000,0.0
22000,0.20190000000000002
23000,0.0
24000,-0.0648
25000,0.0
26000,0.0766
27000,0.0785
28000,-0.1
29000,0.0
30000,0.0
31000,0.03169999999999999
32000,-0.1
33000,0.0
34000,0.0
35000,0.0
36000,0.06040000000000001
37000,0.0794
38000,0.0
39000,0.0622
40000,0.06399999999999999
